{
  "minecraft:recipes/decorations/crafting_table": {
    "criteria": {
      "unlock_right_away": "2025-01-07 17:15:03 +0100"
    },
    "done": true
  },
  "minecraft:adventure/adventuring_time": {
    "criteria": {
      "minecraft:beach": "2025-01-07 18:00:05 +0100",
      "minecraft:desert": "2025-01-07 18:00:59 +0100",
      "minecraft:forest": "2025-01-07 18:00:51 +0100",
      "minecraft:taiga": "2025-01-07 17:57:53 +0100",
      "minecraft:mangrove_swamp": "2025-01-07 18:01:25 +0100",
      "minecraft:sparse_jungle": "2025-01-07 18:00:39 +0100",
      "minecraft:river": "2025-01-07 18:03:32 +0100",
      "minecraft:dripstone_caves": "2025-01-07 18:04:30 +0100",
      "minecraft:savanna": "2025-01-07 17:15:04 +0100"
    },
    "done": false
  },
  "minecraft:recipes/decorations/beehive": {
    "criteria": {
      "has_honeycomb": "2025-01-07 17:15:39 +0100"
    },
    "done": true
  },
  "minecraft:recipes/decorations/candle": {
    "criteria": {
      "has_honeycomb": "2025-01-07 17:15:39 +0100"
    },
    "done": true
  },
  "minecraft:recipes/decorations/honeycomb_block": {
    "criteria": {
      "has_honeycomb": "2025-01-07 17:15:39 +0100"
    },
    "done": true
  },
  "minecraft:recipes/misc/charcoal": {
    "criteria": {
      "has_log": "2025-01-07 17:15:53 +0100"
    },
    "done": true
  },
  "minecraft:recipes/building_blocks/acacia_wood": {
    "criteria": {
      "has_log": "2025-01-07 17:15:53 +0100"
    },
    "done": true
  },
  "minecraft:recipes/building_blocks/acacia_planks": {
    "criteria": {
      "has_log": "2025-01-07 17:15:53 +0100"
    },
    "done": true
  },
  "minecraft:recipes/misc/green_dye": {
    "criteria": {
      "has_cactus": "2025-01-07 17:16:19 +0100"
    },
    "done": true
  },
  "minecraft:recipes/food/dried_kelp_from_smoking": {
    "criteria": {
      "has_kelp": "2025-01-07 17:16:28 +0100"
    },
    "done": true
  },
  "minecraft:recipes/food/dried_kelp_from_smelting": {
    "criteria": {
      "has_kelp": "2025-01-07 17:16:28 +0100"
    },
    "done": true
  },
  "minecraft:recipes/food/dried_kelp_from_campfire_cooking": {
    "criteria": {
      "has_kelp": "2025-01-07 17:16:28 +0100"
    },
    "done": true
  },
  "minecraft:recipes/misc/orange_dye_from_red_yellow": {
    "criteria": {
      "has_yellow_dye": "2025-01-07 17:17:29 +0100"
    },
    "done": true
  },
  "minecraft:recipes/decorations/yellow_candle": {
    "criteria": {
      "has_yellow_dye": "2025-01-07 17:17:29 +0100"
    },
    "done": true
  },
  "minecraft:recipes/building_blocks/dye_yellow_carpet": {
    "criteria": {
      "has_needed_dye": "2025-01-07 17:17:29 +0100"
    },
    "done": true
  },
  "minecraft:recipes/decorations/yellow_stained_glass_pane_from_glass_pane": {
    "criteria": {
      "has_yellow_dye": "2025-01-07 17:17:29 +0100"
    },
    "done": true
  },
  "minecraft:recipes/building_blocks/dye_yellow_wool": {
    "criteria": {
      "has_needed_dye": "2025-01-07 17:17:29 +0100"
    },
    "done": true
  },
  "minecraft:recipes/tools/yellow_bundle": {
    "criteria": {
      "has_yellow_dye": "2025-01-07 17:17:29 +0100"
    },
    "done": true
  },
  "minecraft:recipes/building_blocks/dye_yellow_bed": {
    "criteria": {
      "has_needed_dye": "2025-01-07 17:17:29 +0100"
    },
    "done": true
  },
  "minecraft:recipes/decorations/chest": {
    "criteria": {
      "has_lots_of_items": "2025-01-07 17:47:25 +0100"
    },
    "done": true
  },
  "minecraft:recipes/transportation/mangrove_boat": {
    "criteria": {
      "in_water": "2025-01-07 18:00:06 +0100"
    },
    "done": true
  },
  "minecraft:recipes/transportation/acacia_boat": {
    "criteria": {
      "in_water": "2025-01-07 18:00:06 +0100"
    },
    "done": true
  },
  "minecraft:recipes/transportation/cherry_boat": {
    "criteria": {
      "in_water": "2025-01-07 18:00:06 +0100"
    },
    "done": true
  },
  "minecraft:recipes/transportation/pale_oak_boat": {
    "criteria": {
      "in_water": "2025-01-07 18:00:06 +0100"
    },
    "done": true
  },
  "minecraft:recipes/transportation/bamboo_raft": {
    "criteria": {
      "in_water": "2025-01-07 18:00:06 +0100"
    },
    "done": true
  },
  "minecraft:recipes/transportation/spruce_boat": {
    "criteria": {
      "in_water": "2025-01-07 18:00:06 +0100"
    },
    "done": true
  },
  "minecraft:recipes/transportation/birch_boat": {
    "criteria": {
      "in_water": "2025-01-07 18:00:06 +0100"
    },
    "done": true
  },
  "minecraft:recipes/transportation/oak_boat": {
    "criteria": {
      "in_water": "2025-01-07 18:00:06 +0100"
    },
    "done": true
  },
  "minecraft:recipes/transportation/jungle_boat": {
    "criteria": {
      "in_water": "2025-01-07 18:00:06 +0100"
    },
    "done": true
  },
  "minecraft:recipes/transportation/dark_oak_boat": {
    "criteria": {
      "in_water": "2025-01-07 18:00:06 +0100"
    },
    "done": true
  },
  "minecraft:adventure/minecraft_trials_edition": {
    "criteria": {
      "minecraft_trials_edition": "2025-01-07 18:04:41 +0100"
    },
    "done": true
  },
  "DataVersion": 4189
}